la,lo,alt_elip
9.854056457,-83.90762154,1411.748
9.854551994,-83.90771667,1412.606
9.854579846,-83.90846684,1415.3079
